<component name="ProjectRunConfigurationManager">
  <configuration default="false" name="ShareItGateway" type="Application" factoryName="Application" nameIsGenerated="true">
    <option name="MAIN_CLASS_NAME" value="ru.practicum.shareit.ShareItGateway" />
    <module name="java-shareit-add-item-requests-and-gateway(1)" />
    <extension name="coverage">
      <pattern>
        <option name="PATTERN" value="ru.practicum.shareit.*" />
        <option name="ENABLED" value="true" />
      </pattern>
    </extension>
    <method v="2">
      <option name="Make" enabled="true" />
    </method>
  </configuration>
</component>